{
  "epoch": 22,
  "train": {
    "loss": 0.22864186763763428,
    "accuracy": 0.9229042530059814,
    "precision": 0.809636116027832,
    "recall": 0.8100300431251526,
    "f1": 0.8003620505332947,
    "f1_w": 0.9210057258605957
  },
  "val": {
    "loss": 0.1692899465560913,
    "accuracy": 0.9440789818763733,
    "precision": 0.8280153870582581,
    "recall": 0.8341009020805359,
    "f1": 0.8238797783851624,
    "f1_w": 0.9425968527793884
  }
}