{
  "epoch": 20,
  "train": {
    "loss": 0.24994061887264252,
    "accuracy": 0.9045659303665161,
    "precision": 0.7955197095870972,
    "recall": 0.7959545850753784,
    "f1": 0.7831951379776001,
    "f1_w": 0.9028669595718384
  },
  "val": {
    "loss": 0.18429654836654663,
    "accuracy": 0.9259868264198303,
    "precision": 0.8105498552322388,
    "recall": 0.8184210658073425,
    "f1": 0.8042288422584534,
    "f1_w": 0.9216551780700684
  }
}