{
  "epoch": 19,
  "train": {
    "loss": 0.2808454930782318,
    "accuracy": 0.9008234143257141,
    "precision": 0.7894853949546814,
    "recall": 0.792044460773468,
    "f1": 0.779356837272644,
    "f1_w": 0.8986704349517822
  },
  "val": {
    "loss": 0.2036227136850357,
    "accuracy": 0.9309210777282715,
    "precision": 0.804879367351532,
    "recall": 0.8150219917297363,
    "f1": 0.8006811738014221,
    "f1_w": 0.9276322722434998
  }
}