{
  "epoch": 11,
  "train": {
    "loss": 0.49027007818222046,
    "accuracy": 0.8128742575645447,
    "precision": 0.7142848372459412,
    "recall": 0.7150824069976807,
    "f1": 0.6926450729370117,
    "f1_w": 0.807541012763977
  },
  "val": {
    "loss": 0.31824105978012085,
    "accuracy": 0.8963815569877625,
    "precision": 0.776096522808075,
    "recall": 0.785581111907959,
    "f1": 0.7663218975067139,
    "f1_w": 0.8903664946556091
  }
}