{
  "epoch": 13,
  "train": {
    "loss": 0.4361834228038788,
    "accuracy": 0.8413174152374268,
    "precision": 0.7438970804214478,
    "recall": 0.743963897228241,
    "f1": 0.7248481512069702,
    "f1_w": 0.8372359275817871
  },
  "val": {
    "loss": 0.2571925222873688,
    "accuracy": 0.9095394611358643,
    "precision": 0.7908443212509155,
    "recall": 0.8001096844673157,
    "f1": 0.7824689745903015,
    "f1_w": 0.9053362607955933
  }
}