{
  "epoch": 1,
  "train": {
    "loss": 1.8406263589859009,
    "accuracy": 0.21444611251354218,
    "precision": 0.08518509566783905,
    "recall": 0.19396208226680756,
    "f1": 0.10223741829395294,
    "f1_w": 0.12851166725158691
  },
  "val": {
    "loss": 1.5973719358444214,
    "accuracy": 0.28289473056793213,
    "precision": 0.1455976366996765,
    "recall": 0.25021928548812866,
    "f1": 0.15359137952327728,
    "f1_w": 0.19712987542152405
  }
}