{
  "epoch": 16,
  "train": {
    "loss": 0.3237878084182739,
    "accuracy": 0.8821108341217041,
    "precision": 0.7742888927459717,
    "recall": 0.776931881904602,
    "f1": 0.7622900009155273,
    "f1_w": 0.8797171711921692
  },
  "val": {
    "loss": 0.26845434308052063,
    "accuracy": 0.90625,
    "precision": 0.7917762994766235,
    "recall": 0.7983004450798035,
    "f1": 0.7784667611122131,
    "f1_w": 0.9035434722900391
  }
}