{
  "epoch": 24,
  "train": {
    "loss": 0.19771677255630493,
    "accuracy": 0.9292665123939514,
    "precision": 0.8142893314361572,
    "recall": 0.8166149854660034,
    "f1": 0.8068480491638184,
    "f1_w": 0.927474856376648
  },
  "val": {
    "loss": 0.1577831506729126,
    "accuracy": 0.9424341917037964,
    "precision": 0.824999988079071,
    "recall": 0.8317434191703796,
    "f1": 0.819985568523407,
    "f1_w": 0.9401372671127319
  }
}