{
  "epoch": 27,
  "train": {
    "loss": 0.16753128170967102,
    "accuracy": 0.9378742575645447,
    "precision": 0.8212754130363464,
    "recall": 0.8232215046882629,
    "f1": 0.8143344521522522,
    "f1_w": 0.9373060464859009
  },
  "val": {
    "loss": 0.12470463663339615,
    "accuracy": 0.9506579041481018,
    "precision": 0.8288377523422241,
    "recall": 0.8355811238288879,
    "f1": 0.8266428709030151,
    "f1_w": 0.9480241537094116
  }
}