{
  "epoch": 2,
  "train": {
    "loss": 1.6108105182647705,
    "accuracy": 0.3091317415237427,
    "precision": 0.18596476316452026,
    "recall": 0.2787318527698517,
    "f1": 0.19336655735969543,
    "f1_w": 0.23698773980140686
  },
  "val": {
    "loss": 1.4646040201187134,
    "accuracy": 0.40460526943206787,
    "precision": 0.2714599072933197,
    "recall": 0.3372807204723358,
    "f1": 0.26840201020240784,
    "f1_w": 0.35992133617401123
  }
}