{
  "epoch": 6,
  "train": {
    "loss": 0.8377497792243958,
    "accuracy": 0.6807634830474854,
    "precision": 0.5806254148483276,
    "recall": 0.5979470014572144,
    "f1": 0.5570220947265625,
    "f1_w": 0.6631019711494446
  },
  "val": {
    "loss": 0.6555376648902893,
    "accuracy": 0.7384868264198303,
    "precision": 0.5848867297172546,
    "recall": 0.6412280797958374,
    "f1": 0.5830560922622681,
    "f1_w": 0.7001058459281921
  }
}