{
  "epoch": 4,
  "train": {
    "loss": 1.0908496379852295,
    "accuracy": 0.5647455453872681,
    "precision": 0.4526720941066742,
    "recall": 0.49432745575904846,
    "f1": 0.4358031451702118,
    "f1_w": 0.5316649079322815
  },
  "val": {
    "loss": 0.9985406994819641,
    "accuracy": 0.5756579041481018,
    "precision": 0.4749869406223297,
    "recall": 0.5099780559539795,
    "f1": 0.45108941197395325,
    "f1_w": 0.5380096435546875
  }
}