{
  "epoch": 12,
  "train": {
    "loss": 0.46874096989631653,
    "accuracy": 0.8319610953330994,
    "precision": 0.7346022725105286,
    "recall": 0.7355396747589111,
    "f1": 0.7146762609481812,
    "f1_w": 0.8288633227348328
  },
  "val": {
    "loss": 0.3314618170261383,
    "accuracy": 0.8848684430122375,
    "precision": 0.7785361409187317,
    "recall": 0.7840460538864136,
    "f1": 0.7646451592445374,
    "f1_w": 0.8800750374794006
  }
}