{
  "epoch": 7,
  "train": {
    "loss": 0.7475379109382629,
    "accuracy": 0.7170658707618713,
    "precision": 0.6149104237556458,
    "recall": 0.6244226098060608,
    "f1": 0.5892414450645447,
    "f1_w": 0.7043378949165344
  },
  "val": {
    "loss": 0.5803511142730713,
    "accuracy": 0.7631579041481018,
    "precision": 0.6607064008712769,
    "recall": 0.6723684072494507,
    "f1": 0.6406209468841553,
    "f1_w": 0.7508781552314758
  }
}