{
  "epoch": 15,
  "train": {
    "loss": 0.35531121492385864,
    "accuracy": 0.8633982539176941,
    "precision": 0.7501639723777771,
    "recall": 0.7568916082382202,
    "f1": 0.7377274632453918,
    "f1_w": 0.8580644130706787
  },
  "val": {
    "loss": 0.2723020315170288,
    "accuracy": 0.8996710777282715,
    "precision": 0.7858943939208984,
    "recall": 0.7920504808425903,
    "f1": 0.7745077610015869,
    "f1_w": 0.8959086537361145
  }
}