{
  "epoch": 30,
  "train": {
    "loss": 0.14375998079776764,
    "accuracy": 0.9476048350334167,
    "precision": 0.8315173387527466,
    "recall": 0.8328005075454712,
    "f1": 0.8255278468132019,
    "f1_w": 0.9469602108001709
  },
  "val": {
    "loss": 0.11723621189594269,
    "accuracy": 0.9572368264198303,
    "precision": 0.8378838300704956,
    "recall": 0.8444627523422241,
    "f1": 0.8359359502792358,
    "f1_w": 0.9555615186691284
  }
}