{
  "epoch": 29,
  "train": {
    "loss": 0.14130376279354095,
    "accuracy": 0.9487276077270508,
    "precision": 0.8334884643554688,
    "recall": 0.8338305354118347,
    "f1": 0.8272603154182434,
    "f1_w": 0.9479374885559082
  },
  "val": {
    "loss": 0.11440176516771317,
    "accuracy": 0.9555920958518982,
    "precision": 0.8373355269432068,
    "recall": 0.8438048362731934,
    "f1": 0.835131824016571,
    "f1_w": 0.9542092084884644
  }
}