{
  "epoch": 18,
  "train": {
    "loss": 0.29698288440704346,
    "accuracy": 0.8839820623397827,
    "precision": 0.7759196758270264,
    "recall": 0.7781223654747009,
    "f1": 0.7631317973136902,
    "f1_w": 0.8812824487686157
  },
  "val": {
    "loss": 0.21516773104667664,
    "accuracy": 0.9325658082962036,
    "precision": 0.8155701756477356,
    "recall": 0.8224232196807861,
    "f1": 0.809999406337738,
    "f1_w": 0.9294517040252686
  }
}