{
  "epoch": 23,
  "train": {
    "loss": 0.21308255195617676,
    "accuracy": 0.9202844500541687,
    "precision": 0.810846209526062,
    "recall": 0.812984824180603,
    "f1": 0.8026496171951294,
    "f1_w": 0.9204018115997314
  },
  "val": {
    "loss": 0.13552817702293396,
    "accuracy": 0.9523026347160339,
    "precision": 0.8297149538993835,
    "recall": 0.8369517922401428,
    "f1": 0.8268351554870605,
    "f1_w": 0.9502643942832947
  }
}