{
  "epoch": 3,
  "train": {
    "loss": 1.359318733215332,
    "accuracy": 0.44760480523109436,
    "precision": 0.33451926708221436,
    "recall": 0.3974657952785492,
    "f1": 0.3258170187473297,
    "f1_w": 0.39990222454071045
  },
  "val": {
    "loss": 1.1429733037948608,
    "accuracy": 0.5180920958518982,
    "precision": 0.3991345763206482,
    "recall": 0.4592105448246002,
    "f1": 0.38775634765625,
    "f1_w": 0.4677738547325134
  }
}