{
  "epoch": 5,
  "train": {
    "loss": 0.9417343139648438,
    "accuracy": 0.63735032081604,
    "precision": 0.5250893831253052,
    "recall": 0.5551201701164246,
    "f1": 0.5055251121520996,
    "f1_w": 0.6112703680992126
  },
  "val": {
    "loss": 0.7496157884597778,
    "accuracy": 0.6990131735801697,
    "precision": 0.5957707166671753,
    "recall": 0.6072368621826172,
    "f1": 0.5636270642280579,
    "f1_w": 0.6827038526535034
  }
}