{
  "epoch": 17,
  "train": {
    "loss": 0.3155204653739929,
    "accuracy": 0.8794910311698914,
    "precision": 0.769252598285675,
    "recall": 0.7740786671638489,
    "f1": 0.7566520571708679,
    "f1_w": 0.876419723033905
  },
  "val": {
    "loss": 0.20753608644008636,
    "accuracy": 0.9210526347160339,
    "precision": 0.8069314360618591,
    "recall": 0.812116265296936,
    "f1": 0.7985144853591919,
    "f1_w": 0.9177801012992859
  }
}