{
  "epoch": 10,
  "train": {
    "loss": 0.5287767052650452,
    "accuracy": 0.8046407699584961,
    "precision": 0.6963189840316772,
    "recall": 0.7044036984443665,
    "f1": 0.6792731881141663,
    "f1_w": 0.7972946166992188
  },
  "val": {
    "loss": 0.3628181517124176,
    "accuracy": 0.8651315569877625,
    "precision": 0.7465617060661316,
    "recall": 0.756414532661438,
    "f1": 0.7343408465385437,
    "f1_w": 0.857441782951355
  }
}