{
  "epoch": 25,
  "train": {
    "loss": 0.16375547647476196,
    "accuracy": 0.9371258020401001,
    "precision": 0.8216228485107422,
    "recall": 0.8226351737976074,
    "f1": 0.8145906925201416,
    "f1_w": 0.9363409280776978
  },
  "val": {
    "loss": 0.14044687151908875,
    "accuracy": 0.9506579041481018,
    "precision": 0.8321272134780884,
    "recall": 0.8381578922271729,
    "f1": 0.8296086192131042,
    "f1_w": 0.9487656354904175
  }
}