{
  "epoch": 8,
  "train": {
    "loss": 0.6629074215888977,
    "accuracy": 0.7544910311698914,
    "precision": 0.6462245583534241,
    "recall": 0.6609228253364563,
    "f1": 0.628434419631958,
    "f1_w": 0.74149489402771
  },
  "val": {
    "loss": 0.49885299801826477,
    "accuracy": 0.8322368264198303,
    "precision": 0.7188048362731934,
    "recall": 0.7336074709892273,
    "f1": 0.7041900157928467,
    "f1_w": 0.819671630859375
  }
}