{
  "epoch": 21,
  "train": {
    "loss": 0.2211121767759323,
    "accuracy": 0.923652708530426,
    "precision": 0.8075545430183411,
    "recall": 0.8114806413650513,
    "f1": 0.8005868196487427,
    "f1_w": 0.9215506911277771
  },
  "val": {
    "loss": 0.1776624619960785,
    "accuracy": 0.9342105388641357,
    "precision": 0.8183897733688354,
    "recall": 0.8266996145248413,
    "f1": 0.814357340335846,
    "f1_w": 0.9322991967201233
  }
}