{
  "epoch": 14,
  "train": {
    "loss": 0.36482053995132446,
    "accuracy": 0.8667665123939514,
    "precision": 0.7547085285186768,
    "recall": 0.760783851146698,
    "f1": 0.7411813139915466,
    "f1_w": 0.861876904964447
  },
  "val": {
    "loss": 0.26095545291900635,
    "accuracy": 0.9177631735801697,
    "precision": 0.7972274422645569,
    "recall": 0.8039473295211792,
    "f1": 0.7914720177650452,
    "f1_w": 0.9149407148361206
  }
}