{
  "epoch": 26,
  "train": {
    "loss": 0.1690203845500946,
    "accuracy": 0.9337575435638428,
    "precision": 0.822517454624176,
    "recall": 0.8202898502349854,
    "f1": 0.8124640583992004,
    "f1_w": 0.9329253435134888
  },
  "val": {
    "loss": 0.1324821561574936,
    "accuracy": 0.9506579041481018,
    "precision": 0.8290022611618042,
    "recall": 0.8355811834335327,
    "f1": 0.8259944915771484,
    "f1_w": 0.9481053948402405
  }
}