{
  "epoch": 9,
  "train": {
    "loss": 0.5400592684745789,
    "accuracy": 0.8016467094421387,
    "precision": 0.7009861469268799,
    "recall": 0.7101137638092041,
    "f1": 0.6834253668785095,
    "f1_w": 0.7934118509292603
  },
  "val": {
    "loss": 0.48701947927474976,
    "accuracy": 0.8059210777282715,
    "precision": 0.7040727138519287,
    "recall": 0.7071272134780884,
    "f1": 0.6817460656166077,
    "f1_w": 0.8025180697441101
  }
}