{
  "epoch": 28,
  "train": {
    "loss": 0.1713184267282486,
    "accuracy": 0.9371258020401001,
    "precision": 0.8244742751121521,
    "recall": 0.8244422674179077,
    "f1": 0.8170846104621887,
    "f1_w": 0.9367930293083191
  },
  "val": {
    "loss": 0.12381552159786224,
    "accuracy": 0.9539473652839661,
    "precision": 0.8336623311042786,
    "recall": 0.8399671316146851,
    "f1": 0.8312889337539673,
    "f1_w": 0.9522093534469604
  }
}